time,CR,Libor,swap,V
0.008215358,4.164254827,1.686984415,6.927447975,0.449008385
0.57437137,4.454537772,1.575216828,5.606346391,16.56166873
0.642252647,3.823164104,1.603570321,5.065390526,16.73148707
0.761758351,3.528116372,1.407191862,8.467946939,33.01469847
0.663029444,3.739020553,1.040660481,8.277824175,28.10003085
0.206289884,3.372029393,2.654048297,6.495382148,7.019843349
0.326500182,2.866035906,2.645063097,8.364384988,14.10688579
0.066742797,2.682763562,2.285429099,5.648696088,2.100854827
0.499212232,3.746912549,1.065486171,6.48652545,16.63568079
0.68901462,4.296294491,2.164879301,5.766583198,20.41953115
0.936639303,3.539165938,1.606031634,5.390669313,25.88144056
0.484427455,4.383222171,2.841415247,5.570089291,13.94730931
0.600158295,4.804668798,2.213048945,5.571108238,17.21282775
0.886775786,2.803759333,2.141959466,8.732154594,39.62791388
0.619000758,3.743530305,2.607654663,8.140975961,25.86635004
0.832320425,2.87965192,1.045559192,8.788181999,37.40439686
0.67334305,2.867041014,1.868685662,7.042340725,24.32544148
0.463097087,2.237448182,1.606376544,7.716444993,18.36301816
0.473042678,4.102726269,1.389636663,6.165729692,15.00898578
0.033096469,2.174103232,1.618891316,7.605308494,1.439117828
0.42352208,2.628541909,2.358605898,6.967682307,15.21772961
0.941364359,3.386847718,1.971070482,5.201006987,25.11432457
0.28109834,2.44324896,2.128621765,7.037632665,10.25377142
0.756785913,4.955397685,1.23866992,8.775269404,33.9792498
0.148419868,3.888497186,1.539090433,6.317172846,4.930909394
0.887685981,4.267496787,1.362912777,8.961610113,40.67891437
0.983109862,4.336913759,2.846054963,6.277816963,31.64485022
0.781877263,2.461189108,2.874036392,8.229373167,32.98365428
0.035411425,4.993245545,1.992678513,7.037615446,1.439478853
0.647786134,3.371875178,2.626124052,8.28426972,27.53390094
0.25929564,2.884367381,1.185965683,6.257973965,8.408988828
0.005838692,3.993923852,2.402178029,6.710546465,0.383702484
0.891701491,4.918542653,2.6210884,5.577507596,25.53157711
0.691283647,2.18122657,2.211860883,8.268782272,29.30081199
0.82908036,3.353016823,1.840832513,7.207389551,30.60962776
0.695825069,2.454018948,1.999390261,6.576944417,23.48675094
0.556793546,4.094304666,2.75671556,7.265933743,20.80894449
0.563726846,2.688713198,2.917284207,6.722289436,19.50978588
0.202185756,4.428345782,1.369406605,5.667672347,5.986404957
0.429306689,2.423684303,1.0429916,8.443163266,18.60438416
0.97948016,4.744224612,2.08664741,7.281983097,36.5134155
0.862987078,2.436045269,1.265407838,5.764742686,25.49139686
0.646871493,3.343051389,2.590473897,8.299739217,27.54503224
0.036957489,4.467624134,1.829630954,8.969654167,1.853008671
0.543496031,4.393901162,2.779380631,5.068350171,14.23210901
0.798766426,2.567985319,2.125309181,5.692005369,23.33922511
0.440582295,4.452941142,2.022353048,8.193380227,18.56301019
0.971568627,4.655170736,1.74248473,7.836880653,38.95466025
0.036520904,2.128036309,2.245320133,7.641172685,1.600409809
0.659907295,3.043239421,2.929706678,7.791685823,26.3999614
0.151491244,2.286090695,1.113363908,8.72827591,6.875869077
0.260425031,3.690221513,1.824765612,8.86512983,11.92670199
0.924410572,3.980012603,2.063282894,5.935651347,28.12837219
0.528629019,3.485540218,1.349510424,8.411332537,22.80202026
0.642622448,4.77397384,1.992868878,7.659850028,25.24933548
0.408397519,3.886539542,2.586099227,8.550371217,17.9820007
0.544905033,3.701795054,1.351282889,6.824410396,19.09384502
0.074499132,3.996151589,1.195509063,8.795402876,3.48034095
0.236707944,4.102885676,2.00952398,8.636822682,10.58657447
0.973569471,2.524494282,1.864407655,5.03477765,25.13944538
0.018273913,4.799582684,2.898058975,5.808307058,0.742217905
0.750880345,4.293504497,2.809835905,7.437404391,28.65188522
0.296311321,4.415443764,1.480976672,5.532527968,8.504325838
0.421608529,2.160243324,2.993707917,5.62324882,12.28405501
0.675706088,3.457902089,1.641688191,6.486014098,22.48700589
0.199042643,4.729490181,2.114664105,5.938790094,6.1966725
0.385403036,4.829926565,2.969116857,7.390733187,14.71657318
0.898539642,3.636370252,2.939875982,7.481452092,34.45342829
0.636283139,3.63015482,2.705604333,7.876724801,25.72995564
0.569248772,2.639156206,2.216667981,8.951751589,26.14054989
0.016792914,2.04861549,2.565033168,5.384736016,0.650493616
0.365679202,3.715017316,1.075387599,5.580810873,10.53544562
0.237284394,3.491967717,2.789917817,8.101568883,9.992152153
0.775953294,3.321456073,2.692584776,6.236151441,24.84875316
0.024394181,2.460089853,2.318930375,5.55071488,0.871051755
0.153186523,2.613103165,2.371193786,5.959020944,4.833920252
0.270419313,2.46242315,1.832044906,6.757842458,9.474985
0.615678834,4.404018945,2.548457701,5.903477063,18.70771676
0.086770952,2.102665354,1.807315279,8.693969479,4.006842565
0.546486221,3.603011033,1.008797844,7.959956652,22.29859172
0.264857022,2.366085549,1.308996846,8.057625838,11.01915008
0.787522528,3.675889446,1.429846512,8.710955536,35.10212024
0.428419919,3.219639957,2.591055553,6.612970522,14.6254756
0.596239595,3.490457571,1.748875678,5.158795517,15.83280983
0.106553903,2.272546723,2.070818417,7.036761731,3.99268124
0.800559716,4.452533373,1.997812162,8.094429445,33.18590116
0.195843651,3.439729326,1.811365233,8.389075183,8.534213328
0.541864923,2.954193754,1.212546231,8.46440714,23.51098944
0.431373364,2.325570754,1.751176155,6.680411602,14.84381571
0.534357716,2.155736758,2.849264996,7.537269136,20.7203357
0.083486908,4.380805598,1.614980926,7.400278886,3.304349846
0.358476636,4.430274827,2.117214613,8.66755591,16.00485996
0.72646137,4.248017761,1.341508824,5.972196032,22.25196548
0.2271675,4.284862552,2.010892851,7.217420473,8.523956599
0.98484927,3.442140019,2.715156399,8.034655596,40.5113818
0.342902309,3.671885846,2.056039102,6.614101566,11.727374
0.259635082,3.691399185,2.722313401,8.339386145,11.22696073
0.141208039,3.083444579,2.732646991,5.249550967,3.972458121
0.497013535,3.32654669,1.800941805,6.66468445,17.0399065
0.912981681,3.637440977,2.795558257,6.295042533,29.48012666
0.025964966,2.150418999,1.183155645,8.15330916,1.220023961
0.724907829,2.483263716,1.042768194,5.359635862,19.93180485
0.865733591,3.73511464,2.629388028,5.400292313,24.01224624
0.660432525,4.087791007,1.373535962,8.399916345,28.41298346
0.4053697,2.887543472,1.752332576,7.039743063,14.70092565
0.625448917,3.035908891,2.651407304,5.151942569,16.61030005
0.052064958,4.280111065,1.011828268,5.552946105,1.608449327
0.156429569,3.581108779,1.927414361,6.716864826,5.520858883
0.492869859,4.847134393,1.817576006,7.900257047,20.0025189
0.926411003,3.682033615,1.3348592,6.756490812,32.03778954
0.045897457,4.546770341,1.200089693,6.365043814,1.630452996
0.020527816,4.064247183,2.2638112,6.452617131,0.85410759
0.151619134,3.701977669,1.098321576,6.901582855,5.469910471
0.786529223,3.664469773,1.614830116,5.456766735,22.02378267
0.6775663,4.284072491,2.48745387,6.609436272,23.00415875
0.879921985,2.142404861,1.799778505,7.171302192,32.31339227
0.110777304,2.94994059,2.937140433,7.682294591,4.538766612
0.921971649,4.369407778,1.48747306,7.012598949,33.0933633
0.254102267,2.467533873,2.067819451,8.842559895,11.62040315
0.67118445,4.859661228,2.143733726,8.583954488,29.52944912
0.941275205,4.148901272,2.513924423,6.234682255,30.08825887
0.813679224,4.025889123,1.47111442,5.154411067,21.52010853
0.716833031,3.600979304,1.097914517,7.675054554,28.16975471
0.498656458,4.354163727,1.668411305,6.950849846,17.81810342
0.961748983,3.283376853,1.231370519,5.906289007,29.08457009
0.435932437,2.714366659,1.873417746,8.935979181,20.01305643
0.103699546,4.271013602,1.011605074,7.724198513,4.216480171
0.346583822,3.328692673,2.265838142,5.314746655,9.564320875
0.775105807,3.466640583,1.339159368,5.109206765,20.32396646
0.191697878,3.323322645,1.631581314,6.332640911,6.342200082
0.725968013,4.60289577,2.184771121,5.874442167,21.90489495
0.628117541,2.421186878,1.767189177,6.396576505,20.63255231
0.790814948,2.388745275,2.649911368,5.074936883,20.64069356
0.843090745,4.313267109,1.884049771,5.452710006,23.58831574
0.777182695,2.510093566,1.02963614,6.558362503,26.10548584
0.716991316,4.0179593,2.069573394,7.506620064,27.59464928
0.572812262,3.071933421,2.082231992,5.941115915,17.51189703
0.730149675,3.551883094,1.444401533,8.721238668,32.59454388
0.73331684,2.526676941,2.099006357,6.578859111,24.75372297
0.103967699,4.599410896,2.678340186,5.239451787,2.96916035
0.44993619,4.982601317,2.33689354,6.189844706,14.37154534
0.665714707,4.771799155,1.283037529,8.246087009,28.11411972
0.086263164,2.500719277,1.285414538,8.312181621,3.798283264
0.430102918,3.201957814,2.344698631,5.342734177,11.88999519
0.472960068,4.702562393,2.379602108,7.667008668,18.65871873
0.595512569,3.804997932,2.193771431,8.126366466,24.83328741
0.969127853,3.767731789,2.283599272,7.291647453,36.18394037
0.32069566,4.59832825,1.854410418,7.909124848,13.08797454
0.619941655,3.484011612,1.310263901,7.453922167,23.68983817
0.069191787,2.56480552,1.866064614,7.77770403,2.907203034
0.109375604,4.721841921,1.967717635,6.948042881,4.04079696
0.980043774,4.459215295,1.428435581,6.746681693,33.8383563
0.686953071,3.477803135,1.210755223,7.778666647,27.36791114
0.464964488,4.735105102,2.339826639,7.36766578,17.63585046
0.154920055,3.779637356,1.992997183,5.743181803,4.70294983
0.954153803,2.98335041,1.995793458,5.618093115,27.48172719
0.928067429,2.853514758,2.331601774,7.504597742,35.66712313
0.486800518,3.502663229,2.395480026,8.708772308,21.78376249
0.97642853,3.631389682,1.053921045,6.982637059,34.8748318
0.411346708,2.69012435,1.744631199,8.15790954,17.25850253
0.446036426,2.202547972,2.603917879,7.079992852,16.28081445
0.07785122,3.772252084,1.241490878,6.176762232,2.593477069
0.395528693,4.946087122,1.210396758,5.423784068,11.07247491
0.858592378,3.825465432,2.983781651,5.723158549,25.24055062
0.480119755,3.425069199,2.821142697,5.545120865,13.76327095
0.551598576,2.632236399,2.258301457,6.954286539,19.72333089
0.594882681,3.223875261,2.134700221,6.246619351,19.10776337
0.947739395,3.356344315,1.781260619,8.234774228,39.92586374
0.362432677,3.497581637,2.862920822,6.810589266,12.77659884
0.599321169,2.127837723,1.22880903,8.503248816,26.10803024
0.491586378,3.048004593,2.364596456,8.080922751,20.4225034
0.838305025,3.662737772,1.363492031,7.341314745,31.50368223
0.262787354,3.283248989,2.774943605,8.655291851,11.78570686
0.059471853,4.801714612,1.092739231,5.309800159,1.747163595
0.761196425,3.665058734,2.99178783,8.582566652,33.49044465
0.508994466,3.032535865,2.28683082,7.247894455,18.97619805
0.444042194,2.527847624,2.578787308,8.180237039,18.69718473
0.622563822,3.959666333,1.321304663,5.990622972,19.14827811
0.976756854,3.803005054,1.247492625,6.484287987,32.41321534
0.599133839,3.61767305,1.384552133,8.241854636,25.3074369
0.754143306,4.268372755,2.768762459,8.808831101,34.0436082
0.353446544,4.365049266,1.786497781,6.340001706,11.57966678
0.903973853,3.435358321,1.875964979,5.646563459,26.17230024
0.894809323,3.234422,2.742480912,6.137047122,28.17511299
0.769943069,4.794342492,1.279236323,7.585582865,29.90195237
0.717033464,3.479016991,1.607322005,6.736762931,24.76757458
0.699314421,4.61156552,1.980373934,8.379773893,30.02650593
0.361763213,3.687587658,1.311693584,8.169927953,15.20458625
0.346004688,3.930438066,1.093934275,8.395920343,14.93940433
0.386296704,3.071425763,2.682811687,6.852800719,13.68145543
0.047899978,4.581333251,2.269493225,5.332389859,1.48080408
0.155276993,4.954545062,2.932851212,8.00139998,6.532847592
0.155441965,3.132059069,2.46276534,6.333491774,5.202175406
0.420522877,2.9311988,2.7472953,5.679652541,12.36517474
0.663965615,2.748446074,1.283008383,7.243984102,24.65061395
0.719400757,2.674477404,1.288302523,8.85205433,32.5909401
0.554783345,2.421796774,2.145742478,7.987912624,22.7539037
0.776376879,4.357358108,2.910851389,7.599877008,30.26425879
0.459994885,4.719901992,2.401311943,5.384831976,12.8043363
0.9268452,3.648423323,2.786101159,5.945283698,28.27278579
0.059227295,3.51732955,2.813549051,8.284625983,2.698468378
0.019097592,4.234507321,1.474235623,7.075855808,0.840094818
0.597633362,4.577835239,1.686331233,5.857320943,17.99422403
0.332528979,2.530268062,2.232289801,6.878303233,11.83159324
0.144947162,2.959972961,1.341729736,8.748638433,6.607880673
0.104627764,4.541519275,2.683498824,5.560559446,3.158136908
0.679876481,2.706536794,2.224651113,8.684049911,30.25915698
0.886348412,3.053048521,2.939927516,8.772595476,39.81945755
0.362580575,2.564742536,2.547033123,5.370564204,10.11044735
0.639170028,2.66895731,1.470843415,6.702272768,21.97790863
0.162454012,2.872888934,2.516331651,7.531948843,6.422289693
0.525797973,3.117966156,1.982083902,7.856711696,21.21703745
0.298835926,4.422806756,1.481547903,8.014931154,12.35514022
0.212564718,2.546347475,2.463618372,6.497975626,7.223646259
0.923622405,4.573586092,2.235307477,7.345855695,34.74677599
0.793008179,3.973453254,1.373279359,6.115012308,24.85501786
0.114375099,3.459924854,1.868585629,6.653176095,4.042479859
0.249663495,2.621719805,2.876126498,7.695580956,9.989716646
0.236768559,3.028208427,1.142092109,8.350351806,10.21330163
0.350767058,4.379436533,2.59887807,5.565239539,10.136924
0.065448505,3.449573939,1.986413761,6.106793567,2.205896674
0.27596839,3.805375828,1.005874356,7.920583224,11.27201249
0.299525751,2.416474679,1.532952815,6.074748892,9.424228618
0.914679413,2.026563064,2.127897267,8.228983551,38.52393941
0.796327508,4.05007312,2.473130081,8.902144706,36.30513024
0.761489885,3.671479468,2.354642819,5.701986768,22.30492925
0.054205116,2.093802172,2.755823931,7.598234405,2.294896708
0.564507584,2.783328202,2.889002417,6.444110988,18.7354489
0.657241038,2.661814595,1.080806111,6.533080875,22.01478435
0.575542191,4.280999589,1.860824247,5.867748676,17.37164149
0.426900804,3.894086338,1.769573017,7.641673456,16.78303025
0.524810559,2.567854097,1.492705495,7.294130132,19.65609072
0.53018471,2.390621767,1.570629409,6.6629779,18.15361491
0.894165796,2.491363805,2.535414773,6.080320022,27.88930783
0.714894174,2.30737129,2.483975864,7.769518995,28.48652493
0.617971406,3.243798828,2.850300063,5.922819921,18.84813995
0.819832448,2.936631713,1.028172033,8.308415568,34.84062273
0.817103018,3.77058969,1.310082698,5.151164123,21.59086967
0.126622745,4.650225712,2.404194337,6.66485835,4.483932759
0.009230228,3.279035562,2.855272608,6.582570504,0.50949973
0.406552871,4.657666039,2.161948701,7.382089703,15.46683194
0.891723914,2.076623377,1.203951829,7.422526191,33.86514904
0.705454645,2.035323809,2.091056515,6.26943349,22.70735795
0.081592634,2.503480988,1.087606768,6.648720294,2.902035461
0.190957581,2.965588049,2.280604512,6.284441267,6.294135534
0.534815345,4.342938209,1.888712737,6.445657215,17.72977435
0.72050875,3.063876945,1.065175872,8.14030249,30.02026713
0.628220621,2.555259941,2.091302125,7.935383394,25.5726443
0.186683039,4.351681697,2.926709408,7.89592727,7.712646724
0.470505548,2.382309337,2.125214368,5.162291193,12.54955998
0.513135439,2.89988148,1.207853505,6.1400901,16.1950803
0.159451251,4.384330063,2.090569102,6.973098392,5.83814382
0.618124002,2.275295915,1.31165427,5.648302527,17.9343431
0.317566902,4.341534894,2.25087815,7.049041318,11.58415331
0.926785383,4.885832838,1.533788801,8.03312612,38.08587542
0.042682068,2.960150262,2.081835912,5.266197429,1.318078601
0.894994596,2.062910287,1.365464095,5.158740083,23.67163296
0.738688714,2.749742075,1.169488898,5.421423199,20.54510347
0.735965555,2.601876894,2.297695024,5.196253135,19.66504096
0.631381863,4.891988454,1.419439617,7.129186838,23.08349445
0.372212243,2.155970601,1.131772311,5.417542531,10.41355549
0.351469673,4.619764717,1.274946095,6.010582617,10.90800172
0.503287928,2.995693728,1.903473894,5.000899199,12.99018733
0.740588756,2.352678607,1.973952375,5.343892179,20.33319515
0.608215103,2.443842068,2.996512192,5.907301594,18.51075463
0.903708146,4.930521302,2.005382283,8.634812629,39.92825925
0.239142365,2.451882048,1.834136608,5.133781764,6.41935029
0.049469065,4.573033996,2.267727522,7.085702283,1.965285503
0.578618303,2.979696511,2.966671313,5.181280826,15.47856155
0.497404277,2.82740855,2.307139301,6.431329446,16.47950595
0.242298076,2.822517556,1.754598215,7.244138178,9.104362522
0.736392073,2.784450689,1.720340941,6.009125645,22.70595628
0.608443292,3.877209662,2.6423301,5.135494929,16.11261123
0.038734146,4.504197046,2.075782416,7.444410432,1.641810306
0.980946421,3.985856864,2.600926009,5.741194004,28.88507231
0.211591736,4.007195276,2.933363527,6.054996211,6.730316299
0.241088775,4.618971914,1.754488593,7.492376085,9.364647099
0.611249016,2.700406329,1.966889154,7.955912817,24.94604969
0.256057795,4.535429154,1.710567852,7.946027813,10.52637271
0.048239723,3.075553166,1.141156519,5.544459014,1.502665305
0.784587445,2.379459205,1.744909122,6.885223973,27.68456898
0.60822408,2.577647061,2.788881988,7.545052489,23.57898677
0.492410918,2.749426551,1.989430474,7.109544808,18.00629515
0.195941187,2.828946359,2.767505957,5.808363297,5.995469964
0.515230582,4.980239416,2.327231026,6.406131585,16.99818792
0.88328509,4.402283578,2.487063184,7.970625248,36.05755118
0.487368307,4.780885829,1.926025614,7.25209647,18.1753928
0.054363772,4.683788619,1.239256464,7.680069628,2.270625928
0.218437294,2.913521315,2.134133495,5.360173044,6.140234997
0.145042954,4.987075183,1.530242723,8.119303957,6.15367419
0.457873127,4.169159111,2.008164401,5.907208777,13.95099799
0.433429339,3.313812693,2.766627896,8.229939877,18.37119323
0.955943366,4.707497595,1.301305534,6.402675103,31.32997615
0.251606553,3.724240901,2.101663309,7.26384055,9.485332452
0.056984708,4.005188704,2.739935177,8.995281677,2.8075616
0.184747283,3.57248042,2.434711535,5.18477552,5.065578818
0.849832179,3.630444065,1.312874455,6.927288549,30.14038233
0.85936482,2.419349143,2.264546487,8.752844813,38.5032729
0.756839913,4.977130542,2.192189675,6.727255309,26.11769151
0.173637475,4.13191594,1.721497876,7.371305908,6.681520982
0.230403741,4.961005982,1.749312747,6.132405686,7.360100265
0.52128725,3.801001573,2.464573586,6.406569926,17.20184417
0.373998249,2.559193205,1.273191256,5.470836368,10.5693557
0.75828645,4.766839259,1.26960052,8.885510093,34.47333293
0.853345695,3.034044717,1.706063056,5.645555393,24.70543715
0.18542504,4.598179592,2.190279295,7.002114596,6.791841571
0.152162889,2.225055796,2.020586712,8.713013279,6.925657646
0.099263825,4.966952208,1.773093754,6.831876073,3.617274062
0.593306588,2.815545325,1.730076633,7.254591408,22.09043578
0.291681536,2.117904926,1.915789512,8.479367069,12.7683878
0.963204614,4.07092546,2.714594002,6.290259887,31.06463422
0.554631957,3.265709648,1.646495929,6.629235628,18.89085166
0.291801403,3.643997684,2.036063556,7.651537943,11.54701905
0.312559032,3.231379582,1.03125968,8.099834531,13.03498553
0.677204307,2.95418558,2.946862906,6.601423152,22.98039983
0.869535183,4.476417087,1.889177466,5.493837643,24.5053699
0.537047462,4.532911142,2.58543943,7.582721356,20.9387634
0.78560008,4.711410359,1.221627317,7.965316714,32.02499177
0.788153428,2.646819317,1.179982517,8.942083727,36.04950384
0.540053713,4.428139995,1.166455352,6.882499029,19.07852904
0.991931008,3.106966624,2.711841819,6.291042936,31.98914393
0.512560971,2.960940765,1.638231598,8.589810603,22.58961259
0.24171697,4.691393321,2.330956073,7.278716492,9.145671914
0.826888483,2.845561825,2.084561142,8.046726302,34.07379196
0.984156259,3.676302397,2.839489351,8.346537547,42.05122621
0.109856241,4.282923674,1.460330214,5.64123621,3.308610461
0.004797492,4.723405802,1.238157536,8.642009819,0.354574057
0.900428736,4.422125836,1.506392776,6.986209147,32.20324652
0.772149341,2.757663079,2.701907299,5.043529711,20.03632149
0.081110576,3.944814137,1.884568049,5.05012628,2.25296691
0.027939576,4.456267041,1.410574632,5.640028968,0.952240313
0.61647426,2.708757535,1.363050097,6.642331144,21.01084614
0.190102251,4.067401843,1.742730891,5.030405988,5.033300772
0.879688692,4.658302096,1.783469845,5.601637218,25.26903724
0.034341851,2.044450398,1.938278872,7.902916175,1.550626676
0.272347601,2.07979003,2.2438328,6.103497617,8.647814752
0.28962222,2.446748666,1.860651532,8.597159034,12.8513074
0.818712602,2.226740383,2.659167099,5.691244198,23.93318946
0.036211781,4.932145898,2.053885409,8.85456969,1.805545474
0.730771682,2.187193447,1.930196315,5.902717905,22.14503855
0.962537377,2.927610046,2.980589915,7.040405255,34.73136875
0.900908148,3.368337395,1.094249991,5.899822177,27.2192319
0.8441765,4.806940441,2.652315741,8.928139443,38.5934665
0.956117872,2.099043093,1.502858784,7.417051666,36.28417801
0.872281957,3.746328491,1.306681113,7.987025442,35.64228388
0.075333444,4.944340982,2.983683721,8.714334278,3.549198696
0.297940418,4.240521975,2.770048742,5.496270721,8.540325992
0.902133025,4.541814071,1.816526233,6.746657778,31.17369872
0.951017305,3.294204728,2.476559188,5.324152889,25.98450656
0.777942298,4.494379963,1.112830907,5.211693408,20.7961005
0.593849154,4.853232515,1.076872528,7.445521957,22.66531921
0.970789193,3.388198211,2.090939042,7.540087999,37.46774699
0.648521912,2.718522039,2.846292677,7.450382512,24.81731675
0.166348864,2.845838561,1.810111113,5.737951945,5.026540493
0.966851328,4.305988038,2.359856599,8.12863585,40.22512913
0.266823814,2.365347326,1.176890018,5.327262584,7.383430613
0.189610898,2.991458355,2.460841789,6.85214409,6.805763331
0.525079936,4.304049057,1.098146227,6.343413888,17.10885786
0.905645864,3.608539105,2.295681144,6.321897761,29.35126468
0.964644803,3.568882594,1.541477868,7.248618938,35.7799372
0.049926474,3.682987257,1.52875416,7.187068623,1.981719743
0.036073624,2.367932612,2.530985841,7.470296136,1.561588449
0.471991016,3.564956668,1.780847138,6.768562662,16.43933007
0.346900049,2.900006954,1.089518707,8.538738554,15.22997571
0.696701478,2.026844294,1.528826988,8.735263628,31.16102211
0.276932237,3.39808816,1.008177143,6.321919203,9.055322936
0.350428697,4.100184277,2.784444701,7.737473039,14.01220464
0.983836858,3.659186988,1.632540503,5.962121858,30.04316184
0.668327664,3.297741775,2.11649998,6.141675698,21.08727828
0.082260224,3.300384001,1.334798826,5.241940991,2.343698455
0.610257992,3.65138937,2.143641361,5.157150362,16.20997183
0.494661862,3.87658755,1.170139538,7.833521598,19.88379649
0.496495043,3.45810358,1.926708941,6.832734919,17.45180972
0.537125666,4.042038499,2.131274722,5.096734342,14.12259949
0.153400309,2.790721236,2.26466825,5.329200925,4.344431345
0.269636731,3.000403027,1.652349508,6.779941427,9.472109974
0.441199958,2.56705916,2.238634844,7.572394199,17.20044155
0.270386899,2.798355532,1.094848257,7.381052122,10.30661393
0.843064274,3.302025856,2.186523226,5.835765458,25.24354805
0.172518091,2.146815756,1.486975868,6.050580922,5.470381805
0.126774947,3.923491915,1.536592934,5.930740026,3.984554598
0.036111233,2.36327543,1.528408396,5.476114231,1.16102667
0.418288277,4.077144935,1.287315807,5.663382081,12.21473573
0.749280216,2.396883438,1.299858984,6.013938268,23.10420176
0.505469549,2.454479146,1.616724291,5.186660931,13.51414258
0.301764606,3.919748924,1.293215281,7.319853014,11.39946824
0.10756046,4.204754518,1.969640502,7.775860604,4.430268769
0.967879974,2.268275755,2.118188076,8.735770215,43.25326366
0.59149592,3.436140858,1.583502973,6.024984945,18.31274931
0.416893751,4.693726301,2.827479908,6.914967525,14.88686218
0.642216364,3.69347994,2.475593341,7.156990715,23.60498049
0.733020612,3.476108155,2.916897972,5.336687832,20.13323305
0.430117601,3.242128829,2.478874787,8.210457396,18.1795607
0.479757785,2.570988602,1.811538869,8.099747439,19.96215044
0.756923284,2.647011574,1.556193116,5.928426902,23.01758817
0.689416446,2.17347847,1.060264999,7.688540452,27.14369802
0.274886941,2.98124302,1.680798976,5.308105353,7.59308941
0.131644044,3.803068421,2.200081572,6.461148852,4.51066599
0.540704359,2.128338837,1.772629817,5.400749978,15.04050719
0.869449122,3.151245466,2.318544062,7.604695129,33.86875664
0.73565492,4.821695796,2.163922247,7.423736426,28.0011027
0.002403558,4.539872731,1.612296858,7.556521065,0.248968513
0.143736413,2.82248266,1.319042481,7.97723241,5.988189132
0.549164199,3.665888499,1.689231646,7.341647782,20.7009919
0.70486321,4.408576336,2.346253363,5.146889922,18.66603169
0.089811714,2.688065849,1.594601047,8.416683351,4.007206923
0.004245722,3.547500184,2.478564619,7.240671866,0.343379648
0.278364531,2.961065564,1.02907363,7.802108118,11.20149228
0.301603801,4.825231614,2.256791329,6.251911536,9.786121146
0.947381254,4.330253225,2.469774469,6.927775437,33.62617324
0.794972904,4.280558143,1.38459,7.398754561,30.11627954
0.922642896,2.599054045,2.04491981,7.308706132,34.52881711
0.078182285,2.787698709,2.648000625,8.836331093,3.712533024
0.030604977,3.422721896,2.37724098,5.43470041,1.030649075
0.903029502,4.544834465,2.826935934,8.016863498,37.08401311
0.177476068,3.845107205,2.896890962,5.78680616,5.434056068
0.63460581,4.804118983,2.830808617,8.194063853,26.69308098
0.448589268,2.188519894,2.908884522,6.054141098,14.03892774
0.137797153,4.804806525,1.366856591,5.334770338,3.893256847
0.36074316,4.383987055,1.140099248,8.903979133,16.50529605
0.668864398,3.292817522,1.8210177,7.201260186,24.70465174
0.856570633,3.814773888,2.111074206,5.976257824,26.25563561
0.733210054,4.493911916,2.74322365,5.936462614,22.37288724
0.109429724,3.515361852,1.545911709,6.287465112,3.659648135
0.62197863,4.262318807,2.354001227,8.956788642,28.56628413
0.493544904,3.788806649,2.306049307,5.804240814,14.77612119
0.426668855,3.018284359,1.831712643,6.606908676,14.52672215
0.909713,2.134209757,1.210493271,8.816609342,41.00724344
0.508183813,2.376435939,1.87891658,5.316249671,13.93057726
0.290587312,2.320068696,2.018618575,7.743322949,11.63496923
0.97545125,3.635715453,1.360317066,6.13568314,30.64149073
0.707004943,4.270106428,2.526975119,7.614533547,27.61744212
0.776271878,3.559044276,1.667863542,5.282979491,21.05311497
0.590589686,2.488155043,2.377273197,6.181314553,18.78311663
0.768429869,2.234182092,1.400622311,8.756713873,34.43287169
0.963805304,2.476976524,2.291911433,7.823577882,38.59858475
0.547812643,4.186111848,1.109061688,5.282464991,14.88273382
0.556052671,2.664489101,2.601255382,5.193980713,14.90605024
0.322492235,4.738119666,1.355343572,7.347784176,12.22056604
0.829280361,2.35012414,1.215563228,6.263709125,26.60786479
0.705195028,4.624907163,1.486434679,7.464324143,26.97110799
0.184992873,2.788609777,1.22435289,7.057646035,6.794956786
0.724694394,4.786383892,1.777987254,5.460716504,20.32493106
0.109301429,3.162875098,1.367762615,6.277888715,3.643970024
0.634414751,4.153150183,2.388687675,8.871972279,28.86086294
0.474099507,4.306556156,1.580295983,6.63403944,16.18007802
0.078398533,2.344840807,2.092741861,8.891331176,3.724803981
0.695886722,4.677869397,2.109771251,6.012148299,21.4901714
0.595104224,2.74118146,2.677418358,5.935632638,18.19088033
0.410605739,2.375597478,2.254992053,6.094264873,12.92834768
0.267181163,4.277299739,1.040667642,8.893479307,12.24301027
0.251198196,4.543979958,2.06020708,6.156503378,8.051537707
0.697197185,4.164099796,2.017614479,8.376016054,29.9240654
0.581610467,4.077347707,2.173488701,7.52474458,22.47418782
0.579713653,3.196198471,1.418569366,5.361601696,15.98589686
0.927594385,4.988614647,2.192324298,8.755783394,41.55738141
0.718693681,3.772747517,2.946682313,8.103712312,29.87685627
0.709174722,2.151694537,2.971793599,6.323854583,23.05365006
0.242677397,3.433118958,2.640719222,5.987893877,7.596104684
0.845274742,2.137928215,1.242047683,5.667761187,24.552676
0.099232126,3.292147074,1.663812389,6.267589487,3.327049472
0.568581163,4.83887077,1.860440481,5.223205002,15.2963278
0.127360727,4.983068877,2.149220581,6.675504945,4.506977252
0.064891476,2.738710295,2.226133675,8.149435722,2.872297986
0.360609579,2.295647424,2.072582497,7.071633959,13.1652945
0.054800879,3.797193418,1.923985468,7.42696191,2.241025062
0.202651676,3.314320315,2.456499526,5.073797076,5.424725171
0.996862067,4.115357525,2.073658553,7.504611502,38.28859166
0.450028005,2.940294698,2.839188412,7.255573498,16.83562299
0.198312431,3.815605979,1.177497188,6.168345024,6.373719541
0.927097348,4.371907487,2.489530483,6.484942333,30.81915418
0.696832953,2.705058173,1.047573834,7.407472178,26.43588687
0.244513523,4.616652889,1.30260061,6.364353233,8.074279367
0.900309508,3.903120009,2.568188913,8.962941791,41.30359025
0.007070246,2.434640605,1.853894287,5.946372849,0.379091926
0.974320123,4.986396825,1.05450194,7.971540903,39.70892026
0.460466055,2.615312559,1.021215829,6.242079837,14.78012719
0.883859406,4.22756941,2.229791618,5.007411678,22.72773782
0.825497599,2.089179481,2.636018748,7.632891482,32.29551729
0.766718747,2.416536805,1.932031918,7.6518067,30.0588838
0.217813817,2.671551093,1.980776576,6.038691915,6.870834354
0.584312931,2.610151538,2.879999991,8.302826353,24.91893163
0.624204266,2.690796046,1.926450616,5.637703979,18.09713264
0.662628168,4.833192266,2.123650366,7.220024335,24.54978345
0.292864192,2.31642287,2.761111648,5.454368769,8.335337413
0.501938234,4.718865421,1.02989335,6.331900445,16.32909209
0.822144275,4.000435804,1.664027478,7.922310069,33.34341209
0.217488386,4.726558536,1.49434842,7.60606185,8.580604638
0.914931866,3.793194027,1.341715613,5.988299435,28.06188408
0.44672282,3.493675181,1.738667047,6.66078522,15.321152
0.837638942,2.301774757,2.711322692,6.511107554,27.98280846
0.366126907,3.856685409,1.947918128,5.826135802,11.03634753
0.483550105,4.905961223,2.882934206,8.832136646,21.96052985
0.214227331,2.434648716,1.247448294,8.539282705,9.464187443
0.577128293,2.950307103,2.342801822,6.135685631,18.22378932
0.038189103,3.038331848,1.830692647,6.40812057,1.410924568
0.114073173,2.761745551,1.506116826,6.800924347,4.105430488
0.483959473,4.086621669,1.178805383,7.000007082,17.40169026
0.053454906,3.894496375,1.38627022,8.397788358,2.435680164
